peptide_fasta_sequence,best_docking_score
RFGYGYGPY,-230.308
PAAAPPTLPPYFMKGSIIQLANGELKKV,-227.293
SIPPCPQTWRSLWIGYSFLMHTG,-224.63
RIGRFGYGYGPY,-218.979
PGPRYQPFRLT,-218.227
WAFTPLHEAAQKGRTQLCALLL,-214.97
PGPSSPYIPSPGGAMSPSYSPTSPAYEP,-210.899
SRGPPPRATRLPPPGPLCSSFSTP,-210.009
GRFGYGYGPY,-209.84
PRGPAGPSGPAGKDGRTGHPGTVGPAGIRGPQGHQGPAGPPGPPGP,-209.592
PGSPGSPGPSSPYIPSPGGAMSPSYS,-208.804
FYPAYEGQFSLEEKSLSLKIMQYFS,-205.249
PPGPPGLGGNFAPQLSYGYDEKSTGGI,-204.846
PAAAPPPPPPAPATLARPPGHPAGPPTAAPAVPPPAAAQNGG,-204.127
PGQPYGSQTPQRYPMTVQGRAQS,-204.098
QAKPPPKACTQPRPNYAS,-202.584
PQTPLSTTGYLHTTPA,-202.362
PGVGPGSEVWGIPPCPPPYE,-201.131
PAAAPPPPPPAPATLARPPGHPAGPPTAAPAVP,-201.002
PDVPILLVGTKKDLRAQPDTLRRL,-200.839
PRGPPKANSGPKPYPRLPAW,-200.834
AAPDEKVLDSGFREIENK,-200.595
PGGPVSAFLGIPFAEPPMGPRRFLPPE,-200.553
IGRFGYGYGPY,-200.335
HLPSHHYNTG,-200.062
PGKPAGPGAAQTLNGSAALLNSHHAAAPAVSLVNNGPAALLPL,-199.991
PPQAPFGFPG,-199.264
PGAKGLTGSPGSPGPDGKTGPPGPAGQD,-197.888
PSPPAFIFM,-197.326
GPPKPLPKDGYDLVQELCPGFFFGNVSLCCDVRQ,-196.396
PWGYTPAECTVMGIPSIST,-196.39
PTSPSYSPSSPEYT,-196.143
GPQPPNLPLGVPISSPGFKLLLRGGWE,-195.528
HPYFSVQLGPGQ,-195.458
YPQPYQPQYQ,-195.196
PRGPVGPSGPPGKDGTSGHPGPIGPPGPR,-194.948
QHDLFSSPEKRWAS,-194.8
PPGASGYPGNPGLPGIPGQDGPPGPPGIPGC,-194.363
PRGPAGPPGRDGIPGQP,-193.963
FCCAYEENMYG,-193.83
GPPGAPGAPGAPGPVGPAGKSGDRGETGPAGPAGPVGPAGA,-193.567
FVPPPPPPPYGPGR,-192.723
PQGPPYSMGGTMANNSAGMAASP,-192.718
GPAGPAGPRGSPGERGEVGPAGPNGFAGPA,-192.708
SNELCSKQLTLSCPLCVNPVCR,-192.693
VPPPPPPPYGPG,-192.407
GPPPPPQGGRPH,-192.143
HTFCAGMSKY,-191.591
PGSVHSMMGPSPGPPSVS,-191.557
PGRPGSPGLPGMPGRSVSIG,-190.804
QNHAAVFRVGSVLQ,-190.771
PRPAVAILSFK,-189.945
PRSSPLIQFHL,-189.682
PGPGPAEEGAREPGWCKTPSGHIKRPM,-189.633
GFVPPPPPPPYGPGR,-189.277
WSLLPAQAIYAS,-189.261
DAGSDYQSDNQASWIHRMIMALV,-189.087
QLFELFSGFL,-189.027
KDMAGRKSSPLHFAAGF,-188.918
HPPPPPGHRSQ,-188.224
TAYFPPGIMT,-188.061
PPPPPPPY,-188.021
PRGPAGPSGPAGKDGRTGHPGTVGP,-187.847
PRPGPSPGPGPSPGAML,-187.298
PQGPRGVQGPPGPTGKPGKRGRPGAD,-187.235
NHPKALNFGGIG,-186.73
PLGTGTSILSKQVQNKPKTGRSLLGGPAALSP,-186.407
QKKLPQLFER,-185.382
SLGEAWAQVKKS,-185.127
PSTCASTGSVQW,-185.083
GVKPAVLTRSGDPSQPLLPQHSS,-184.339
STGVTLNLTSKP,-184.091
PSRGGNQLPRP,-184.07
MSAMGSATRYH,-183.986
NSFVNDIFER,-183.9
PPPEFQWYKDG,-183.594
HDERQDSINAYNE,-183.433
PPAPAAPSPPAAPAPAAPAAAPPPPPPAPATLA,-182.791
YPQPYQPQYQQ,-182.496
PGPNVATTTVSDDVSMTFITSKEDLNCQ,-182.093
PGPVGSPGLPGAIGTDGTPGPKGP,-181.982
QPFYILKPQ,-181.835
QGPPPPPPGKPQGPPPQGGRPQ,-181.732
PGAPGPVGPAGKSGDRGET,-181.622
SPTAAPESSTSFPPAPTSGMSHP,-181.345
TALHCAVASLHPKR,-180.848
PGPSGEPGKQGPSGASGERGPPGPMGPPGLA,-180.707
PGKPQGPPPPGGNPQQPQAPPAGKPQGPP,-180.704
GPPRPPQGGRPS,-180.457
HLSSSEDGCST,-180.001
PRRGPPPPP,-179.359
PPPPPPPPPPPGPPPPPGLPSDGDHQ,-179.242
PRAAPGELPKTF,-179.079
PGSACPSFNTVRQGSKEPYP,-178.444
HVLVMCATAFY,-178.183
MVPGTYIVT,-178.061
VPPPPPPPYGPGR,-178.049
PKVKMALRTSGHL,-177.914
PGPAGPPGEAGKPGEQGVPGDLGAPGPSGARGERGFPGERGVQ,-177.843
SEPGAFQPPPKP,-177.641
ELRVAPEEHPV,-177.641
PTPSQSRF,-177.372
PFIAIHAESKL,-176.91
CTSHTGAW,-176.339
PPPPPPGKPQ,-176.111
HPGPPGPPG,-176.109
LNSLMVKCPAKEC,-175.733
PPGLPAGADCLNSF,-175.64
PSAGHPIPTQGPGGY,-175.605
ANNVVYKQYEDM,-175.245
PAGNDIRRTNVA,-175.118
PRRKAGICFGDSG,-174.74
LPSLPLTRAPVPP,-174.54
PGASAPPPPPP,-174.486
NSLLLHLLKSQ,-174.27
PLPKPAAPGTVIQTP,-174.188
PGPKVQAGESVTLSCSSRS,-173.47
PRAGSRPSTAKPS,-173.449
PGPTGLKGDKGPPGPVGANGSP,-173.296
GMAPPSQGPPGPLS,-173.033
FYNELRVAPEEHPV,-172.786
SNSQQAYQEAFE,-172.109
QLRLSDAGQYLCQAGDDSNSNKK,-171.911
PPPPPSRGG,-171.66
CIEMGLGMIKA,-171.453
PPSPAQPPPGVSP,-171.113
GIFPPPPP,-170.92
SASSQAPPPPPP,-168.902
PKRPRGRPKGSK,-168.893
PDAGGCLHADP,-168.692
GPPPPGGNPQQPLPPPA,-168.339
HCQTQACPPLS,-167.378
PGQPPGGPPKPWPEGP,-167.378
SRQGPAMDGTAAEPRPGAGSL,-167.013
HRIQELENLPG,-166.583
PRDRCSPPPPP,-166.151
AAPDEKVLDSGFR,-165.792
IIAPPERKYS,-165.331
QGVNDNEEGFFSAR,-164.226
QGVNDNEEGFFSAR,-164.226
GPGIFPPPPP,-164.214
LLSAEPAGTFLI,-163.998
PPGGGPMGPTV,-163.513
PGRIPPPPP,-162.985
STEFAVKLKIDLANR,-162.788
TLKAGDLRTRIS,-162.551
EELTLKYGAKHV,-161.965
SRCAVCEAPAVV,-161.698
IKAALPSLTNPPSLS,-161.661
VIEGQGVEICFE,-161.34
SRGEIKLCDFGVSG,-161.242
SLAKADAAPDEKVLDSGFREIENK,-160.854
PGVRVSGDDVIIG,-160.732
PGLPAGADCLNSF,-160.449
GPPGAPGIPGPKGDIGEKGDSG,-160.108
NPGPPPPPPP,-159.931
VSAPVPKKLL,-159.844
DQAVSGLATALCQASFT,-159.764
NELRVAPEEHPV,-159.556
KNVSSETVNITITQG,-159.491
PSNMSLVKET,-159.116
LSCVPTRKAQ,-159.07
YPMAVVATAERG,-158.884
NFDIPKSVRPN,-158.852
RTLLPPPASIAC,-158.637
PAALLPPNSGS,-158.373
PTCSALARKPDKL,-157.364
SVRTPESSHEGL,-157.35
KVNKDDIQKMNPPKFSKVEDM,-156.969
GPGRIPPPPP,-156.863
VPPPPPPPY,-156.459
VCKEPPYKVEE,-155.809
TAMITRAGLP,-155.329
PKVKMALRTS,-154.852
ALEVEKITTSKKPN,-152.684
NTAGGAATPSSGGG,-152.459
MGIPPPPP,-152.041
PREPLPP,-151.327
PDPAKSAPAPK,-151.166
IPPPDAMETLVCA,-150.658
GPPPPPPGKPQ,-150.423
PVGVQPIL,-149.371
PLSLDDSDSLG,-149.146
PDGKILIIG,-149.137
QTDPPSVPI,-149.087
DVSLAKADAAPDEKVLDSGFR,-148.415
DLVEVNPQLATSEEE,-147.635
KADAAPDEKVLDSGFR,-146.772
DVSLAKADAAPDEKVLDSGF,-146.346
PSVVENSVAI,-146.091
DESRISKAEEEF,-143.833
SRKLIKENGLN,-142.424
GGTAIPPPPP,-141.463
MTAPPPPP,-139.847
PGGTGGSGS,-139.395
NPQLATSEEEAKT,-138.837
EDGPTAKKL,-126.482
IMSTGGGG,-126.06
PPGPAGPRGERGPQGNSGEK,-179.933
AGHGPTRRLRGLG,-177.708
LRRKLEKNVS,-158.56
SEPSPSGTPEVGS,-153.721
STKMSFAGTVAWMAPEVIRNEPVSEKV,-219.2
PPGPAGPRGERGPQGNSGEKGDQGFQGQPG,-201.77
PEYPTPFL,-186.485
LLPLANVALIDYTL,-169.473
PNVHGRSYGPAPGAGH,-217.076
PSPLAPPPGNP,-157.694
QIKAGAYDFPSPEWDTVTPEA,-186.682
DKEALMHLGGIVLNPSFYGMPG,-181.564
PSSPPPPPPPLRSDS,-176.259
EMFSRGQVPYPGMSNHE,-203.03
PRGPPGLDGCNGTQGAV,-162.773
PGTYIINIKFAD,-184.966
LRSAGKIYM,-173.643
PGLPGASGLPGLKGDNGQTV,-169.829
ENPDHGYTSFDSFAWAF,-211.127
LPKPHGIRALI,-173.52
PRGPPDSRTWSQVS,-195.021
CCDTCPSSYHIHCLNP,-184.684
LGNKFMHLTNYSVNKK,-187.538
PKIAVSKMMMVL,-171.034
TEPPYTAY,-171.636
GLGSKTGSMSKQ,-158.793
PVNPPPPEVSNPSKPGRKT,-179.948
KECNAKIMIRGKGSV,-170.383
PGKPGGGGGGSGSSSMSRGEMSLAEVQCH,-185.923
HSSPNYEFYKLY,-196.929
TPEPPPPPPP,-150.529
PGQPTSMLSPRHRMSPGVAG,-170.383
PVADPYDQSFESRD,-183.12
PPPGPPQPPPPPPPEESSDS,-174.506
PPGKAGPPGPNGAPGEPQPCLTGPRTCKDLL,-177.224
PNIPAGQQTV,-169.525
GSVLSPPPPPP,-163.56
FLHAHGKLFTRI,-204.998
PHHELPDSDG,-172.33
GSPRGSHHTSGS,-192.415
LNSLLQGYDN,-169.732
PVVTLGGNVTLQCVS,-177.443
PIAVPTPSPPTIGPENISV,-169.961
PDPPPLSP,-147.314
PGAGKSTFIEYFGKMLTERGHKLSV,-187.936
NCAIPKGLKYNQAT,-179.16
SAMMHALEVLNS,-168.733
GLGFDPEMQ,-164.233
QEFAAQLKSRVSPPF,-214.408
PRAFHCDGKDDC,-167.073
KFLSMLEEEIYG,-161.241
NRPQSPATGRTPVFVSP,-198.162
PSDLITGILVYR,-177.744
PRGSSDRWDK,-179.295
LADAGSPGPPRTTPSPS,-161.477
EGKRILVIGM,-151.99
PGSNQPAYVLQIFPPCE,-180.78
ISSQLDKASIVRLSVTY,-158.362
GPQPPPGLVYPCGACRSEVN,-175.179
PPGKAGGGSGPQPPPGLVYPCGACRSEV,-166.052
IPDNFGNVSPEMT,-177.362
DLCTTVLPQIEK,-146.804
PPERPPPPP,-164.322
PGGPSDPPTRLSLSRSD,-181.816
PFGTITSAKVMM,-183.449
SPGKVTALVGPSGS,-145.4
DKLGIPTVPG,-141.156
PCKNGATCSNSGQ,-155.681
PLAKSKGGPGG,-153.744
SSSGPSIKDKYV,-180.209
REVTVELSSQGFWKTGIRSDVC,-183.083
ISVSEMEPNGTFSNNNS,-174.208
PDWWQGEINGVT,-215.008
NEGNNISLTCIATGRPEPTVTW,-177.743
PQGPPQGPSQSPLSSCCSSFSW,-190.014
SSELDRHQQLLLNKGLTSYIG,-167.1
PQGPPQGPSQSPLSSCCSSFS,-229.309
PSGAEILRPGGRL,-169.628
SVLTKGNKEM,-133.913
PMGSRLQG,-165.347
GSILQTIPANKP,-151.997
SPSSCFNGGTCVDGV,-164.979
SSGGGGSGGG,-132.661
LSVMDDHNVDSF,-168.57
KGAMGPAGPDGHQGP,-179.604
QVKGTGNVPA,-142.762
MKQIIKIRAQT,-160.52
NTDLANSDALKLAK,-136.639
PPGPPGIPGNVWSSISVEDLSSYLHTA,-203.803
VTGASSGIGEELAYQ,-157.519
PQGGVQYGAGVACSET,-181.983
IIITSLSDQIMEDSP,-151.936
CPDAPMSQVYGVP,-176.592
SAANVRKESLCQPALEV,-149.184
VKRPSNLAVTV,-167.486
QPPPPPPPPPPP,-169.224
GSYTCVAENMVGKAEASATL,-160.745
LASIKIIYPNDLAKK,-170.34
